{
  "timestamp": "2025-08-28T00:33:05.621Z",
  "backupVersion": "1.0.0",
  "projectName": "rest-express",
  "projectVersion": "1.0.0",
  "nodeVersion": "v20.19.3",
  "dependencies": [
    "@anthropic-ai/sdk",
    "@google-cloud/secret-manager",
    "@google-cloud/storage",
    "@hookform/resolvers",
    "@jridgewell/trace-mapping",
    "@neondatabase/serverless",
    "@radix-ui/react-accordion",
    "@radix-ui/react-alert-dialog",
    "@radix-ui/react-aspect-ratio",
    "@radix-ui/react-avatar",
    "@radix-ui/react-checkbox",
    "@radix-ui/react-collapsible",
    "@radix-ui/react-context-menu",
    "@radix-ui/react-dialog",
    "@radix-ui/react-dropdown-menu",
    "@radix-ui/react-hover-card",
    "@radix-ui/react-label",
    "@radix-ui/react-menubar",
    "@radix-ui/react-navigation-menu",
    "@radix-ui/react-popover",
    "@radix-ui/react-progress",
    "@radix-ui/react-radio-group",
    "@radix-ui/react-scroll-area",
    "@radix-ui/react-select",
    "@radix-ui/react-separator",
    "@radix-ui/react-slider",
    "@radix-ui/react-slot",
    "@radix-ui/react-switch",
    "@radix-ui/react-tabs",
    "@radix-ui/react-toast",
    "@radix-ui/react-toggle",
    "@radix-ui/react-toggle-group",
    "@radix-ui/react-tooltip",
    "@sendgrid/mail",
    "@tanstack/react-query",
    "@types/imap",
    "@types/lodash",
    "@types/memoizee",
    "@types/nodemailer",
    "@uppy/aws-s3",
    "@uppy/core",
    "@uppy/dashboard",
    "@uppy/drag-drop",
    "@uppy/file-input",
    "@uppy/progress-bar",
    "@uppy/react",
    "archiver",
    "class-variance-authority",
    "clsx",
    "cmdk",
    "connect-pg-simple",
    "date-fns",
    "drizzle-orm",
    "drizzle-zod",
    "embla-carousel-react",
    "express",
    "express-session",
    "framer-motion",
    "fuzzball",
    "google-auth-library",
    "googleapis",
    "input-otp",
    "jspdf",
    "lodash",
    "lucide-react",
    "mailparser",
    "memoizee",
    "memorystore",
    "nanoid",
    "next-themes",
    "node-imap",
    "nodemailer",
    "openid-client",
    "passport",
    "passport-local",
    "pdf-lib",
    "pdf-parse",
    "pdf2pic",
    "react",
    "react-day-picker",
    "react-dom",
    "react-hook-form",
    "react-icons",
    "react-resizable-panels",
    "recharts",
    "tailwind-merge",
    "tailwindcss-animate",
    "tw-animate-css",
    "vaul",
    "wouter",
    "ws",
    "zod",
    "zod-validation-error"
  ],
  "devDependencies": [
    "@replit/vite-plugin-cartographer",
    "@replit/vite-plugin-runtime-error-modal",
    "@tailwindcss/typography",
    "@tailwindcss/vite",
    "@types/connect-pg-simple",
    "@types/express",
    "@types/express-session",
    "@types/node",
    "@types/passport",
    "@types/passport-local",
    "@types/react",
    "@types/react-dom",
    "@types/ws",
    "@vitejs/plugin-react",
    "autoprefixer",
    "drizzle-kit",
    "esbuild",
    "postcss",
    "tailwindcss",
    "tsx",
    "typescript",
    "vite"
  ]
}